cohort_month,month_number,active_customers,cohort_size,retention_rate
2024-01,0,143,143,1
2024-01,1,52,143,0.3636
2024-01,2,70,143,0.4895
2024-01,3,50,143,0.3497
2024-01,4,55,143,0.3846
2024-01,5,54,143,0.3776
2024-01,6,62,143,0.4336
2024-01,7,58,143,0.4056
2024-01,8,56,143,0.3916
2024-01,9,58,143,0.4056
2024-01,10,62,143,0.4336
2024-01,11,57,143,0.3986
2024-01,12,61,143,0.4266
2024-01,13,54,143,0.3776
2024-01,14,62,143,0.4336
2024-01,15,53,143,0.3706
2024-01,16,56,143,0.3916
2024-01,17,52,143,0.3636
2024-01,18,69,143,0.4825
2024-01,19,53,143,0.3706
2024-01,20,53,143,0.3706
2024-01,21,61,143,0.4266
2024-01,22,61,143,0.4266
2024-01,23,52,143,0.3636
2024-02,0,87,87,1
2024-02,1,23,87,0.2644
2024-02,2,23,87,0.2644
2024-02,3,29,87,0.3333
2024-02,4,35,87,0.4023
2024-02,5,25,87,0.2874
2024-02,6,30,87,0.3448
2024-02,7,27,87,0.3103
2024-02,8,31,87,0.3563
2024-02,9,27,87,0.3103
2024-02,10,24,87,0.2759
2024-02,11,26,87,0.2989
2024-02,12,23,87,0.2644
2024-02,13,27,87,0.3103
2024-02,14,33,87,0.3793
2024-02,15,25,87,0.2874
2024-02,16,31,87,0.3563
2024-02,17,31,87,0.3563
2024-02,18,30,87,0.3448
2024-02,19,30,87,0.3448
2024-02,20,34,87,0.3908
2024-02,21,30,87,0.3448
2024-02,22,29,87,0.3333
2024-03,0,56,56,1
2024-03,1,12,56,0.2143
2024-03,2,21,56,0.375
2024-03,3,18,56,0.3214
2024-03,4,14,56,0.25
2024-03,5,17,56,0.3036
2024-03,6,16,56,0.2857
2024-03,7,17,56,0.3036
2024-03,8,18,56,0.3214
2024-03,9,22,56,0.3929
2024-03,10,15,56,0.2679
2024-03,11,18,56,0.3214
2024-03,12,19,56,0.3393
2024-03,13,16,56,0.2857
2024-03,14,17,56,0.3036
2024-03,15,17,56,0.3036
2024-03,16,19,56,0.3393
2024-03,17,16,56,0.2857
2024-03,18,22,56,0.3929
2024-03,19,19,56,0.3393
2024-03,20,13,56,0.2321
2024-03,21,19,56,0.3393
2024-04,0,45,45,1
2024-04,1,15,45,0.3333
2024-04,2,11,45,0.2444
2024-04,3,9,45,0.2
2024-04,4,13,45,0.2889
2024-04,5,12,45,0.2667
2024-04,6,10,45,0.2222
2024-04,7,12,45,0.2667
2024-04,8,8,45,0.1778
2024-04,9,14,45,0.3111
2024-04,10,13,45,0.2889
2024-04,11,12,45,0.2667
2024-04,12,11,45,0.2444
2024-04,13,11,45,0.2444
2024-04,14,16,45,0.3556
2024-04,15,12,45,0.2667
2024-04,16,11,45,0.2444
2024-04,17,10,45,0.2222
2024-04,18,9,45,0.2
2024-04,19,14,45,0.3111
2024-04,20,12,45,0.2667
2024-05,0,37,37,1
2024-05,1,3,37,0.0811
2024-05,2,5,37,0.1351
2024-05,3,9,37,0.2432
2024-05,4,4,37,0.1081
2024-05,5,6,37,0.1622
2024-05,6,7,37,0.1892
2024-05,7,10,37,0.2703
2024-05,8,4,37,0.1081
2024-05,9,4,37,0.1081
2024-05,10,8,37,0.2162
2024-05,11,7,37,0.1892
2024-05,12,8,37,0.2162
2024-05,13,9,37,0.2432
2024-05,14,7,37,0.1892
2024-05,15,6,37,0.1622
2024-05,16,7,37,0.1892
2024-05,17,7,37,0.1892
2024-05,18,5,37,0.1351
2024-05,19,8,37,0.2162
2024-06,0,20,20,1
2024-06,1,4,20,0.2
2024-06,2,3,20,0.15
2024-06,3,4,20,0.2
2024-06,4,6,20,0.3
2024-06,5,6,20,0.3
2024-06,6,2,20,0.1
2024-06,7,3,20,0.15
2024-06,8,6,20,0.3
2024-06,9,6,20,0.3
2024-06,10,5,20,0.25
2024-06,11,5,20,0.25
2024-06,12,3,20,0.15
2024-06,13,3,20,0.15
2024-06,14,3,20,0.15
2024-06,15,5,20,0.25
2024-06,16,2,20,0.1
2024-06,17,3,20,0.15
2024-06,18,5,20,0.25
2024-07,0,20,20,1
2024-07,1,7,20,0.35
2024-07,2,4,20,0.2
2024-07,3,4,20,0.2
2024-07,4,2,20,0.1
2024-07,5,5,20,0.25
2024-07,6,1,20,0.05
2024-07,7,3,20,0.15
2024-07,8,1,20,0.05
2024-07,9,3,20,0.15
2024-07,10,2,20,0.1
2024-07,11,2,20,0.1
2024-07,12,3,20,0.15
2024-07,13,3,20,0.15
2024-07,14,2,20,0.1
2024-07,15,5,20,0.25
2024-07,16,6,20,0.3
2024-07,17,2,20,0.1
2024-08,0,18,18,1
2024-08,1,2,18,0.1111
2024-08,2,4,18,0.2222
2024-08,3,6,18,0.3333
2024-08,4,3,18,0.1667
2024-08,5,1,18,0.0556
2024-08,6,3,18,0.1667
2024-08,7,3,18,0.1667
2024-08,8,1,18,0.0556
2024-08,9,4,18,0.2222
2024-08,10,3,18,0.1667
2024-08,11,2,18,0.1111
2024-08,12,4,18,0.2222
2024-08,13,3,18,0.1667
2024-08,14,2,18,0.1111
2024-08,15,6,18,0.3333
2024-08,16,2,18,0.1111
2024-09,0,17,17,1
2024-09,3,3,17,0.1765
2024-09,4,1,17,0.0588
2024-09,6,3,17,0.1765
2024-09,7,1,17,0.0588
2024-09,9,5,17,0.2941
2024-09,10,3,17,0.1765
2024-09,11,1,17,0.0588
2024-09,12,2,17,0.1176
2024-09,13,3,17,0.1765
2024-10,0,10,10,1
2024-10,2,1,10,0.1
2024-10,5,1,10,0.1
2024-10,6,1,10,0.1
2024-10,7,1,10,0.1
2024-10,8,1,10,0.1
2024-10,9,1,10,0.1
2024-10,10,1,10,0.1
2024-10,11,2,10,0.2
2024-10,13,2,10,0.2
2024-11,0,15,15,1
2024-11,2,3,15,0.2
2024-11,3,2,15,0.1333
2024-11,4,1,15,0.0667
2024-11,5,1,15,0.0667
2024-11,6,2,15,0.1333
2024-11,7,2,15,0.1333
2024-11,8,2,15,0.1333
2024-11,9,1,15,0.0667
2024-11,10,1,15,0.0667
2024-11,11,1,15,0.0667
2024-11,12,1,15,0.0667
2024-11,13,1,15,0.0667
2024-12,0,13,13,1
2024-12,2,1,13,0.0769
2024-12,3,3,13,0.2308
2024-12,4,2,13,0.1538
2024-12,6,1,13,0.0769
2024-12,9,2,13,0.1538
2024-12,10,2,13,0.1538
2025-01,0,15,15,1
2025-01,1,1,15,0.0667
2025-01,2,5,15,0.3333
2025-01,3,1,15,0.0667
2025-01,4,1,15,0.0667
2025-01,7,1,15,0.0667
2025-01,9,2,15,0.1333
2025-01,11,1,15,0.0667
2025-02,0,11,11,1
2025-02,1,1,11,0.0909
2025-02,3,3,11,0.2727
2025-02,4,2,11,0.1818
2025-02,5,2,11,0.1818
2025-02,7,2,11,0.1818
2025-02,8,2,11,0.1818
2025-02,9,1,11,0.0909
2025-02,10,1,11,0.0909
2025-03,0,7,7,1
2025-03,3,1,7,0.1429
2025-03,6,1,7,0.1429
2025-03,8,2,7,0.2857
2025-03,9,1,7,0.1429
2025-04,0,8,8,1
2025-04,4,1,8,0.125
2025-05,0,7,7,1
2025-05,2,1,7,0.1429
2025-05,6,1,7,0.1429
2025-06,0,6,6,1
2025-06,2,1,6,0.1667
2025-06,4,2,6,0.3333
2025-07,0,4,4,1
2025-07,4,1,4,0.25
2025-08,0,4,4,1
2025-08,3,1,4,0.25
2025-08,4,1,4,0.25
2025-09,0,8,8,1
2025-09,1,2,8,0.25
2025-09,2,1,8,0.125
2025-09,3,1,8,0.125
2025-10,0,6,6,1
2025-11,0,7,7,1
2025-12,0,3,3,1
