month_start,region_id,revenue_target,contribution_profit_target,return_rate_target,cancellation_rate_target
2024-01-01,R01,11995.2,4078.37,0.06,0.035
2024-01-01,R02,11995.2,4078.37,0.06,0.035
2024-01-01,R03,12700.8,4318.27,0.06,0.035
2024-01-01,R04,12700.8,4318.27,0.06,0.035
2024-01-01,R05,11760,3998.4,0.06,0.035
2024-01-01,R06,11760,3998.4,0.06,0.035
2024-01-01,R07,11407.2,3878.45,0.06,0.035
2024-01-01,R08,11407.2,3878.45,0.06,0.035
2024-02-01,R01,11195.52,3806.48,0.06,0.035
2024-02-01,R02,11195.52,3806.48,0.06,0.035
2024-02-01,R03,11854.08,4030.39,0.06,0.035
2024-02-01,R04,11854.08,4030.39,0.06,0.035
2024-02-01,R05,10976,3731.84,0.06,0.035
2024-02-01,R06,10976,3731.84,0.06,0.035
2024-02-01,R07,10646.72,3619.88,0.06,0.035
2024-02-01,R08,10646.72,3619.88,0.06,0.035
2024-03-01,R01,11424,3884.16,0.06,0.035
2024-03-01,R02,11424,3884.16,0.06,0.035
2024-03-01,R03,12096,4112.64,0.06,0.035
2024-03-01,R04,12096,4112.64,0.06,0.035
2024-03-01,R05,11200,3808,0.06,0.035
2024-03-01,R06,11200,3808,0.06,0.035
2024-03-01,R07,10864,3693.76,0.06,0.035
2024-03-01,R08,10864,3693.76,0.06,0.035
2024-04-01,R01,11652.48,3961.84,0.06,0.035
2024-04-01,R02,11652.48,3961.84,0.06,0.035
2024-04-01,R03,12337.92,4194.89,0.06,0.035
2024-04-01,R04,12337.92,4194.89,0.06,0.035
2024-04-01,R05,11424,3884.16,0.06,0.035
2024-04-01,R06,11424,3884.16,0.06,0.035
2024-04-01,R07,11081.28,3767.64,0.06,0.035
2024-04-01,R08,11081.28,3767.64,0.06,0.035
2024-05-01,R01,11195.52,3806.48,0.06,0.035
2024-05-01,R02,11195.52,3806.48,0.06,0.035
2024-05-01,R03,11854.08,4030.39,0.06,0.035
2024-05-01,R04,11854.08,4030.39,0.06,0.035
2024-05-01,R05,10976,3731.84,0.06,0.035
2024-05-01,R06,10976,3731.84,0.06,0.035
2024-05-01,R07,10646.72,3619.88,0.06,0.035
2024-05-01,R08,10646.72,3619.88,0.06,0.035
2024-06-01,R01,12337.92,4194.89,0.06,0.035
2024-06-01,R02,12337.92,4194.89,0.06,0.035
2024-06-01,R03,13063.68,4441.65,0.06,0.035
2024-06-01,R04,13063.68,4441.65,0.06,0.035
2024-06-01,R05,12096,4112.64,0.06,0.035
2024-06-01,R06,12096,4112.64,0.06,0.035
2024-06-01,R07,11733.12,3989.26,0.06,0.035
2024-06-01,R08,11733.12,3989.26,0.06,0.035
2024-07-01,R01,11538.24,3923,0.06,0.035
2024-07-01,R02,11538.24,3923,0.06,0.035
2024-07-01,R03,12216.96,4153.77,0.06,0.035
2024-07-01,R04,12216.96,4153.77,0.06,0.035
2024-07-01,R05,11312,3846.08,0.06,0.035
2024-07-01,R06,11312,3846.08,0.06,0.035
2024-07-01,R07,10972.64,3730.7,0.06,0.035
2024-07-01,R08,10972.64,3730.7,0.06,0.035
2024-08-01,R01,10967.04,3728.79,0.06,0.035
2024-08-01,R02,10967.04,3728.79,0.06,0.035
2024-08-01,R03,11612.16,3948.13,0.06,0.035
2024-08-01,R04,11612.16,3948.13,0.06,0.035
2024-08-01,R05,10752,3655.68,0.06,0.035
2024-08-01,R06,10752,3655.68,0.06,0.035
2024-08-01,R07,10429.44,3546.01,0.06,0.035
2024-08-01,R08,10429.44,3546.01,0.06,0.035
2024-09-01,R01,11424,3884.16,0.06,0.035
2024-09-01,R02,11424,3884.16,0.06,0.035
2024-09-01,R03,12096,4112.64,0.06,0.035
2024-09-01,R04,12096,4112.64,0.06,0.035
2024-09-01,R05,11200,3808,0.06,0.035
2024-09-01,R06,11200,3808,0.06,0.035
2024-09-01,R07,10864,3693.76,0.06,0.035
2024-09-01,R08,10864,3693.76,0.06,0.035
2024-10-01,R01,11766.72,4000.68,0.06,0.035
2024-10-01,R02,11766.72,4000.68,0.06,0.035
2024-10-01,R03,12458.88,4236.02,0.06,0.035
2024-10-01,R04,12458.88,4236.02,0.06,0.035
2024-10-01,R05,11536,3922.24,0.06,0.035
2024-10-01,R06,11536,3922.24,0.06,0.035
2024-10-01,R07,11189.92,3804.57,0.06,0.035
2024-10-01,R08,11189.92,3804.57,0.06,0.035
2024-11-01,R01,12566.4,4272.58,0.06,0.035
2024-11-01,R02,12566.4,4272.58,0.06,0.035
2024-11-01,R03,13305.6,4523.9,0.06,0.035
2024-11-01,R04,13305.6,4523.9,0.06,0.035
2024-11-01,R05,12320,4188.8,0.06,0.035
2024-11-01,R06,12320,4188.8,0.06,0.035
2024-11-01,R07,11950.4,4063.14,0.06,0.035
2024-11-01,R08,11950.4,4063.14,0.06,0.035
2024-12-01,R01,12794.88,4350.26,0.06,0.035
2024-12-01,R02,12794.88,4350.26,0.06,0.035
2024-12-01,R03,13547.52,4606.16,0.06,0.035
2024-12-01,R04,13547.52,4606.16,0.06,0.035
2024-12-01,R05,12544,4264.96,0.06,0.035
2024-12-01,R06,12544,4264.96,0.06,0.035
2024-12-01,R07,12167.68,4137.01,0.06,0.035
2024-12-01,R08,12167.68,4137.01,0.06,0.035
2025-01-01,R01,12714.91,4323.07,0.06,0.035
2025-01-01,R02,12714.91,4323.07,0.06,0.035
2025-01-01,R03,13462.85,4577.37,0.06,0.035
2025-01-01,R04,13462.85,4577.37,0.06,0.035
2025-01-01,R05,12465.6,4238.3,0.06,0.035
2025-01-01,R06,12465.6,4238.3,0.06,0.035
2025-01-01,R07,12091.63,4111.15,0.06,0.035
2025-01-01,R08,12091.63,4111.15,0.06,0.035
2025-02-01,R01,11867.25,4034.87,0.06,0.035
2025-02-01,R02,11867.25,4034.87,0.06,0.035
2025-02-01,R03,12565.32,4272.21,0.06,0.035
2025-02-01,R04,12565.32,4272.21,0.06,0.035
2025-02-01,R05,11634.56,3955.75,0.06,0.035
2025-02-01,R06,11634.56,3955.75,0.06,0.035
2025-02-01,R07,11285.52,3837.08,0.06,0.035
2025-02-01,R08,11285.52,3837.08,0.06,0.035
2025-03-01,R01,12109.44,4117.21,0.06,0.035
2025-03-01,R02,12109.44,4117.21,0.06,0.035
2025-03-01,R03,12821.76,4359.4,0.06,0.035
2025-03-01,R04,12821.76,4359.4,0.06,0.035
2025-03-01,R05,11872,4036.48,0.06,0.035
2025-03-01,R06,11872,4036.48,0.06,0.035
2025-03-01,R07,11515.84,3915.39,0.06,0.035
2025-03-01,R08,11515.84,3915.39,0.06,0.035
2025-04-01,R01,12351.63,4199.55,0.06,0.035
2025-04-01,R02,12351.63,4199.55,0.06,0.035
2025-04-01,R03,13078.2,4446.59,0.06,0.035
2025-04-01,R04,13078.2,4446.59,0.06,0.035
2025-04-01,R05,12109.44,4117.21,0.06,0.035
2025-04-01,R06,12109.44,4117.21,0.06,0.035
2025-04-01,R07,11746.16,3993.69,0.06,0.035
2025-04-01,R08,11746.16,3993.69,0.06,0.035
2025-05-01,R01,11867.25,4034.87,0.06,0.035
2025-05-01,R02,11867.25,4034.87,0.06,0.035
2025-05-01,R03,12565.32,4272.21,0.06,0.035
2025-05-01,R04,12565.32,4272.21,0.06,0.035
2025-05-01,R05,11634.56,3955.75,0.06,0.035
2025-05-01,R06,11634.56,3955.75,0.06,0.035
2025-05-01,R07,11285.52,3837.08,0.06,0.035
2025-05-01,R08,11285.52,3837.08,0.06,0.035
2025-06-01,R01,13078.2,4446.59,0.06,0.035
2025-06-01,R02,13078.2,4446.59,0.06,0.035
2025-06-01,R03,13847.5,4708.15,0.06,0.035
2025-06-01,R04,13847.5,4708.15,0.06,0.035
2025-06-01,R05,12821.76,4359.4,0.06,0.035
2025-06-01,R06,12821.76,4359.4,0.06,0.035
2025-06-01,R07,12437.11,4228.62,0.06,0.035
2025-06-01,R08,12437.11,4228.62,0.06,0.035
2025-07-01,R01,12230.53,4158.38,0.06,0.035
2025-07-01,R02,12230.53,4158.38,0.06,0.035
2025-07-01,R03,12949.98,4402.99,0.06,0.035
2025-07-01,R04,12949.98,4402.99,0.06,0.035
2025-07-01,R05,11990.72,4076.84,0.06,0.035
2025-07-01,R06,11990.72,4076.84,0.06,0.035
2025-07-01,R07,11631,3954.54,0.06,0.035
2025-07-01,R08,11631,3954.54,0.06,0.035
2025-08-01,R01,11625.06,3952.52,0.06,0.035
2025-08-01,R02,11625.06,3952.52,0.06,0.035
2025-08-01,R03,12308.89,4185.02,0.06,0.035
2025-08-01,R04,12308.89,4185.02,0.06,0.035
2025-08-01,R05,11397.12,3875.02,0.06,0.035
2025-08-01,R06,11397.12,3875.02,0.06,0.035
2025-08-01,R07,11055.21,3758.77,0.06,0.035
2025-08-01,R08,11055.21,3758.77,0.06,0.035
2025-09-01,R01,12109.44,4117.21,0.06,0.035
2025-09-01,R02,12109.44,4117.21,0.06,0.035
2025-09-01,R03,12821.76,4359.4,0.06,0.035
2025-09-01,R04,12821.76,4359.4,0.06,0.035
2025-09-01,R05,11872,4036.48,0.06,0.035
2025-09-01,R06,11872,4036.48,0.06,0.035
2025-09-01,R07,11515.84,3915.39,0.06,0.035
2025-09-01,R08,11515.84,3915.39,0.06,0.035
2025-10-01,R01,12472.72,4240.72,0.06,0.035
2025-10-01,R02,12472.72,4240.72,0.06,0.035
2025-10-01,R03,13206.41,4490.18,0.06,0.035
2025-10-01,R04,13206.41,4490.18,0.06,0.035
2025-10-01,R05,12228.16,4157.57,0.06,0.035
2025-10-01,R06,12228.16,4157.57,0.06,0.035
2025-10-01,R07,11861.32,4032.85,0.06,0.035
2025-10-01,R08,11861.32,4032.85,0.06,0.035
2025-11-01,R01,13320.38,4528.93,0.06,0.035
2025-11-01,R02,13320.38,4528.93,0.06,0.035
2025-11-01,R03,14103.94,4795.34,0.06,0.035
2025-11-01,R04,14103.94,4795.34,0.06,0.035
2025-11-01,R05,13059.2,4440.13,0.06,0.035
2025-11-01,R06,13059.2,4440.13,0.06,0.035
2025-11-01,R07,12667.42,4306.92,0.06,0.035
2025-11-01,R08,12667.42,4306.92,0.06,0.035
2025-12-01,R01,13562.57,4611.27,0.06,0.035
2025-12-01,R02,13562.57,4611.27,0.06,0.035
2025-12-01,R03,14360.37,4882.53,0.06,0.035
2025-12-01,R04,14360.37,4882.53,0.06,0.035
2025-12-01,R05,13296.64,4520.86,0.06,0.035
2025-12-01,R06,13296.64,4520.86,0.06,0.035
2025-12-01,R07,12897.74,4385.23,0.06,0.035
2025-12-01,R08,12897.74,4385.23,0.06,0.035
